BARANGAY,YEAR,TOTAL_POPULATION,MALE,FEMALE,HOUSEHOLDS,GROWTH_RATE,DEPENDENCY_RATIO,in_migration,out_migration
BAYAS,2020,2864,1508,1356,665,1.2,48,38,81
BAYAS,2021,2957,1556,1401,705,3.3,46,5,45
BAYAS,2022,2985,1568,1417,734,1,43,1,23
BAYUYAN,2020,4760,2350,2410,1136,13.7,49,567,60
BAYUYAN,2021,4853,2398,2455,1199,2,47,188,38
BAYUYAN,2022,5287,2614,2673,1238,8.9,44,409,50
BOTONGON,2020,4975,2456,2519,1112,2.9,49,54,69
BOTONGON,2021,5038,2487,2551,1142,1.3,47,108,103
BOTONGON,2022,5079,2507,2572,1245,0.8,45,9,35
BULAQUEÑA,2020,3968,1997,1971,842,6,44,398,219
BULAQUEÑA,2021,3985,2003,1982,1010,0.4,42,162,60
BULAQUEÑA,2022,4011,2015,1996,1136,0.7,39,15,68
CALAPDAN,2020,916,477,439,216,0.6,49,55,15
CALAPDAN,2021,920,479,441,230,0.4,48,77,11
CALAPDAN,2022,969,504,465,503,5.3,46,40,13
CANO-AN,2020,2514,1209,1305,611,0.7,43,12,15
CANO-AN,2021,2523,1216,1307,784,0.4,40,4,40
CANO-AN,2022,2536,1223,1313,840,0.5,35,6,0
DAAN BANWA,2020,2134,1072,1062,496,7.1,50,209,123
DAAN BANWA,2021,2158,1084,1074,525,1.1,49,139,30
DAAN BANWA,2022,2223,1120,1103,548,3,46,47,11
DACULAN,2020,2200,1116,1084,506,2.4,55,144,163
DACULAN,2021,2220,1124,1096,511,0.9,52,34,71
DACULAN,2022,2221,1125,1096,568,0.1,48,6,12
GOGO,2020,3432,1791,1641,819,1.2,56,23,95
GOGO,2021,4318,2237,2081,1163,25.8,55,306,74
GOGO,2022,4497,2323,2174,1336,4.2,53,112,28
JOLOG,2020,663,330,333,170,3.3,53,35,50
JOLOG,2021,672,335,337,180,1.4,51,32,8
JOLOG,2022,683,343,340,187,1.6,47,7,5
LOGUINGOT,2020,987,509,478,239,1.7,54,5,2
LOGUINGOT,2021,998,514,484,247,1.1,51,22,26
LOGUINGOT,2022,1021,527,494,254,2.3,51,8,9
LONOY,2020,1036,492,544,266,3.8,59,18,11
LONOY,2021,1046,497,549,285,1,56,101,17
LONOY,2022,1066,506,560,305,1.9,52,18,6
LUMBIA,2020,2414,1232,1182,635,10.3,50,162,43
LUMBIA,2021,2451,1248,1203,655,1.5,50,83,44
LUMBIA,2022,2482,1256,1226,658,1.3,48,42,7
MALBOG,2020,904,458,446,235,1,49,4,4
MALBOG,2021,912,461,451,241,0.9,45,2,7
MALBOG,2022,917,466,451,245,0.6,43,0,0
MANIPULON,2020,496,242,254,106,1.2,47,3,0
MANIPULON,2021,505,248,257,116,1.8,47,22,0
MANIPULON,2022,519,255,264,117,2.8,44,5,0
PA-ON,2020,496,242,254,712,1.1,47,8,41
PA-ON,2021,3800,1943,1857,788,12.3,48,8,33
PA-ON,2022,3802,1946,1856,886,0.1,46,1,23
POBLACION ZONE  I,2020,2706,1364,1342,621,0.3,46,22,86
POBLACION ZONE  I,2021,2718,1373,1345,644,0.4,44,56,105
POBLACION ZONE  I,2022,2742,1383,1359,692,0.9,41,15,47
POBLACION ZONE II,2020,2819,1359,1460,660,1.9,44,57,123
POBLACION ZONE II,2021,2828,1365,1463,670,0.3,43,2,98
POBLACION ZONE II,2022,2835,1369,1466,989,0.3,41,0,40
POBLACION ZONE III,2020,1099,561,538,233,3,44,58,57
POBLACION ZONE III,2021,1110,567,543,290,1,42,27,68
POBLACION ZONE III,2022,1153,586,567,287,3.9,42,33,49
SAN ROQUE,2020,1308,665,643,293,1,58,11,28
SAN ROQUE,2021,1325,673,652,310,1.3,55,36,18
SAN ROQUE,2022,1364,694,670,366,2.9,52,30,12
STA. ANA,2020,811,417,394,208,7,48,46,5
STA. ANA,2021,818,422,396,219,0.9,47,54,4
STA. ANA,2022,902,466,436,226,10.3,49,73,0
TABU-AN,2020,1117,562,555,250,1.8,50,32,2
TABU-AN,2021,1127,569,558,267,0.9,48,46,1
TABU-AN,2022,1156,589,567,277,2.6,44,25,6
TACBUYAN,2020,2371,1222,1149,532,1.1,44,98,40
TACBUYAN,2021,2705,1391,1314,910,14.1,47,100,58
TACBUYAN,2022,2772,1420,1352,1296,2.5,44,31,29
TANZA,2020,1722,882,840,376,1,49,0,14
TANZA,2021,1732,887,845,380,0.6,47,11,19
TANZA,2022,1756,899,857,450,1.4,44,7,18
VILLA PANI-AN,2020,1406,706,700,508,0.1,41,0,6
VILLA PANI-AN,2021,1411,710,701,342,0.4,40,24,13
VILLA PANI-AN,2022,1416,713,703,474,0.4,37,5,0
BAYAS,2023,3013,1580,1433,737,0.9,41,9,0
BAYUYAN,2023,5345,2649,2696,1247,1.1,41,15,8
BOTONGON,2023,5172,2551,2621,1247,1.8,45,11,0
BULAQUEÑA,2023,4015,2015,2000,1136,0.1,37,0,0
CALAPDAN,2023,1001,521,480,506,3.3,45,7,5
CANO-AN,2023,2538,1223,1315,840,0.1,34,0,1
DAAN BANWA,2023,2240,1130,1110,548,0.8,44,0,1
DACULAN,2023,2250,1137,1113,572,1.3,45,8,0
GOGO,2023,4551,2342,2209,1340,1.2,51,11,0
JOLOG,2023,694,347,347,187,1.6,45,0,0
LOGUINGOT,2023,1037,534,503,255,1.6,48,3,0
LONOY,2023,1073,508,565,305,0.7,47,0,0
LUMBIA,2023,2503,1267,1236,658,0.8,47,0,3
MALBOG,2023,925,467,458,246,0.9,43,2,4
MANIPULON,2023,526,259,267,117,1.3,42,0,0
PA-ON,2023,3802,1946,1856,886,0,42,0,0
SAN ROQUE,2023,1381,704,677,366,1.2,49,0,0
STA. ANA,2023,912,471,441,230,1.1,46,2,9
TABU-AN,2023,1159,590,569,277,0.3,41,0,0
TACBUYAN,2023,2792,1434,1358,1294,0.7,41,1,7
TANZA,2023,1766,901,865,451,0.6,41,3,0
VILLA PANI-AN,2023,1432,720,712,474,1.1,35,0,0
POBLACION ZONE  I,2023,2742,1383,1359,692,0,39,0,0
POBLACION ZONE II,2023,2841,1371,1470,989,0.2,39,0,2
POBLACION ZONE III,2023,1156,585,571,290,0.3,39,3,0
BAYAS,2024,2994,1569,1425,742,0.6,39,9,35
BAYUYAN,2024,5489,2718,2771,1277,2.7,39,140,23
BOTONGON,2024,5161,2552,2609,1285,0.2,43,19,57
BULAQUEÑA,2024,3978,1996,1982,1174,0.9,33,0,38
CALAPDAN,2024,1155,597,558,541,15.4,44,141,1
CANO-AN,2024,2534,1219,1315,895,0.2,33,2,11
DAAN BANWA,2024,2293,1166,1127,609,2.4,42,40,12
DACULAN,2024,2315,1175,1140,596,2.9,42,75,16
GOGO,2024,4578,2358,2220,1426,0.6,49,117,19
JOLOG,2024,671,336,335,190,3.3,41,6,23
LOGUINGOT,2024,1032,533,499,313,0.5,48,36,16
LONOY,2024,1071,504,567,312,0.2,45,27,8
LUMBIA ,2024,2490,1260,1230,684,0.5,44,18,15
MALBOG,2024,929,469,460,266,0.4,42,4,0
MANIPULON,2024,530,260,270,130,0.8,42,8,1
PA-ON,2024,3780,1937,1843,886,0.6,39,0,15
SAN ROQUE,2024,1394,709,685,413,0.9,48,21,1
STA. ANA,2024,906,468,438,240,0.7,46,22,5
TABU-AN,2024,1153,586,567,280,0.5,38,0,7
TACBUYAN,2024,2810,1446,1364,1400,0.6,39,47,4
TANZA,2024,1761,898,863,512,0.3,39,16,17
VILLA PANI-AN,2024,1428,717,711,476,0.3,33,0,5
POBLACION ZONE I,2024,2742,1389,1353,701,0.0,38,0,9
POBLACION ZONE II,2024,2813,1360,1453,994,1.0,38,4,21
POBLACION ZONE III,2024,1155,585,570,290,0.1,39,0,5
